<?xml version="1.0" encoding="UTF-8"?>
<entity-mappings
        xmlns="http://java.sun.com/xml/ns/persistence/orm"
        xmlns:xsi="http://www.w3.org/2001/XMLSchema-instance"
        xsi:schemaLocation="http://java.sun.com/xml/ns/persistence/orm http://java.sun.com/xml/ns/persistence/orm_2_0.xsd"
        version="2.0">

	<named-query name="TLayout.findById" >
		<!-- Solo para ejemplificar como van -->
		<query>
			<![CDATA[
				SELECT l FROM TLayout l WHERE l.layoutId = :id
 			]]>
		</query>
	</named-query>
	
	<named-query name="TLayoutCustomerRepository.mergeEstatus" >
		<query>
			<![CDATA[
				UPDATE TLayout l
				SET l.layoutActInd = :activo
				WHERE l.layoutId = :layoutId
 			]]>
		</query>
	</named-query>
	
	<named-query name="TFlowCustomerRepositoryImpl.mergeEstatus" >
		<query>
			<![CDATA[
				UPDATE TFlow t
				SET t.flowActInd = :estatus
				WHERE t.flowId = :flowId
 			]]>
		</query>
	</named-query>
	
	<named-query name="TProcFile.mergeLayoutEntradaId" >
		<query>
			<![CDATA[
				UPDATE TProcFile t
				SET t.entrncLayoutId = :layoutEntradaId
				WHERE t.dstnctCtrlNum = :dcn
				AND t.fileNm = :archivo
 			]]>
		</query>
	</named-query>
	
	<named-query name="TFlowEntrncLayout.deleteByFlowId" >
		<query>
			<![CDATA[
				DELETE FROM TFlowEntrncLayout 
				WHERE flowId = :flujoId
 			]]>
		</query>
	</named-query>
	
	
	<named-query name="TFlowExtFile.deleteByFlowId" >
		<query>
			<![CDATA[
				DELETE FROM TFlowExtFile 
				WHERE flowId = :flujoId
 			]]>
		</query>
	</named-query>
	
	<named-query name="TFlowEntrncLayout.deleteByLayoutId" >
		<query>
			<![CDATA[
				DELETE FROM TFlowEntrncLayout 
				WHERE layoutId = :layoutId
 			]]>
		</query>
	</named-query>

	<named-query name="TFlowEntrncLayout.deleteById" >
		<query>
			<![CDATA[
				DELETE FROM TFlowEntrncLayout 
				WHERE flowId = :flujoId
				AND layoutId = :layoutId
 			]]>
		</query>
	</named-query>
	
	<named-query name="TFlow.mergeLayoutSalida" >
		<query>
			<![CDATA[
				UPDATE TFlow t
				SET t.outputLayoutId = :layoutId
				WHERE t.flowId = :flowId
 			]]>
		</query>
	</named-query>
	
	<named-query name="TProcFile.mergeStatus" >
		<query>
			<![CDATA[
				UPDATE TProcFile t
				SET t.clctSttsId = :estatus
				WHERE t.fileNm = :nombreArchivo
 			]]>
		</query>
	</named-query>
	
	<named-query name="TProcRecSum.mergeStatus" >
		<query>
			<![CDATA[
				UPDATE TProcRecSum t
				SET t.clctSttsId = :estatus
				WHERE t.fileNm = :nombreArchivo
 			]]>
		</query>
	</named-query>
	
	<named-query name="TProc.mergeStatus" >
		<query>
			<![CDATA[
				UPDATE TProc t
				SET t.clctSttsId = :estatus
				WHERE t.dstnctCtrlNum = :dcn
 			]]>
		</query>
	</named-query>
	
	
	
	<named-query name="TFlowEntrncLayout.findAllLayoutsByFlowId" >
		<query>
			<![CDATA[
				SELECT l
				FROM TLayout l, TFlow f, TFlowEntrncLayout lf
				WHERE l.layoutId = lf.layoutId
				AND f.flowId = lf.flowId
				AND lf.flowId = :flujoId
				ORDER BY lf.flowEntrncLayoutOrdNum
 			]]>
		</query>
	</named-query>
	<named-query name="TFlowEntrncLayout.countBy">
		<query>
        	<![CDATA[
        		SELECT COUNT (t) 
        		FROM TFlowEntrncLayout t
        		WHERE t.flowId = :flujoId
        		AND t.layoutId = :layoutId
 			]]>
		</query>
	</named-query>
	
	<named-query name="TProcRecSumDtl.deleteByDcn" >
		<query>
			<![CDATA[
				DELETE FROM TProcRecSumDtl 
				WHERE dstnctCtrlNum = :dcn
 			]]>
		</query>
	</named-query>
	
	<named-query name="TProcRecSum.deleteByDcn" >
		<query>
			<![CDATA[
				DELETE FROM TProcRecSum 
				WHERE dstnctCtrlNum = :dcn
 			]]>
		</query>
	</named-query>
	
	<named-query name="TProcRec.deleteByDcn" >
		<query>
			<![CDATA[
				DELETE FROM TProcRec 
				WHERE dstnctCtrlNum = :dcn
 			]]>
		</query>
	</named-query>
	
	<named-query name="TLogProc.deleteByDcn" >
		<query>
			<![CDATA[
				DELETE FROM TLogProc 
				WHERE dstnctCtrlNum = :dcn
 			]]>
		</query>
	</named-query>
	
	<named-query name="TProcFile.deleteByDcn" >
		<query>
			<![CDATA[
				DELETE FROM TProcFile 
				WHERE dstnctCtrlNum = :dcn
 			]]>
		</query>
	</named-query>
	
	<named-query name="TProcCustomerRepositoryImpl.mergeEstatus" >
		<query>
			<![CDATA[
				UPDATE TLogProc 
				SET clctSttsId = :estatus
				WHERE dstnctCtrlNum = :dcn
 			]]>
		</query>
	</named-query>
	
	<named-query name="TLayoutHdDtl.deleteByLayoutHdId" >
		<query>
			<![CDATA[
				DELETE FROM TLayoutHdDtl 
				WHERE layoutHdId = :layoutHdId
 			]]>
		</query>
	</named-query>
	
	<named-query name="TFlowMappingDtl.deleteByFlowMappingId" >
		<query>
			<![CDATA[
				DELETE FROM TFlowMappingDtl 
				WHERE flowMappingId = :flowMappingId
 			]]>
		</query>
	</named-query>

	<named-query name="TProcRecSum.findByDcnAndArchivo" >
		<query>
			<![CDATA[
				SELECT t 
				FROM TProcRecSum t
				WHERE  t.dstnctCtrlNum = :dcn
				AND t.fileNm = :archivo
 			]]>
		</query>
	</named-query>
	
	<named-query name="TFlowMapping.findByFlowIdAndLayoutEntradaId" >
		<query>
			<![CDATA[
				SELECT t 
				FROM TFlowMapping t
				WHERE  t.flowId = :flujoId
				AND t.entrncLayoutId = :layoutEntradaId
 			]]>
		</query>
	</named-query>
	
	<named-query name="TLayout.findByEaiRetainerExt" >
		<query>
			<![CDATA[
				SELECT t 
				FROM TLayout t, TFlow f, TFlowEntrncLayout tf
				WHERE  t.layoutId = tf.layoutId
				AND f.flowId = tf.flowId
				AND t.eaiCd = :eaiCd
				AND f.flowActInd = 1
				AND f.allwExtTxt LIKE :ext
 			]]>
		</query>
	</named-query>
	
	<!-- {{Pieda Solorzano}} -->
	<named-query name="TFlow.findByLayout" >
		<query>
			<![CDATA[
				SELECT f
				FROM TLayout t, TFlow f, TFlowEntrncLayout tf
				WHERE  t.layoutId = tf.layoutId
				AND f.flowId = tf.flowId
				AND t.layoutId = :layoutId
				ORDER BY f.flowId
 			]]>
		</query>
	</named-query>
	
	<!-- {{Pieda Solorzano}} -->
	<named-query name="TLayout.findAllIntoFlowsByEai" >
		<query>
			<![CDATA[
				SELECT t 
				FROM TLayout t, TFlow f, TFlowEntrncLayout tf
				WHERE  t.layoutId = tf.layoutId
				AND f.flowId = tf.flowId
				AND t.eaiCd = :eaiCd
				AND f.flowActInd = 1
				AND ((:ext IS NULL OR :ext='')
				OR t.extCd LIKE :ext)
 			]]>
		</query>
	</named-query>
	
	<!-- {{Pieda Solorzano}} -->
	<named-query name="TFlow.findFlowsByEaiAndExt" >
		<query>
			<![CDATA[
				SELECT f 
				FROM TFlow f
				WHERE f.eaiCd = :eaiCd
				AND f.flowActInd = 1
				AND ((:ext IS NULL OR :ext='')
				OR f.allwExtTxt LIKE :ext)
 			]]>
		</query>
	</named-query>
	
	<named-query name="InputDto.createByDcnAndFileName" >
		<query>
			<![CDATA[
				SELECT new mx.com.metlife.tom.fitrava.services.dto.InputDto(
					p.dstnctCtrlNum, f.flowId, pf.fileNm, pf.entrncLayoutId, f.outputLayoutId)
				FROM TFlow f, TProc p, TProcFile pf
				WHERE f.flowId = p.flowId
				AND p.dstnctCtrlNum = pf.dstnctCtrlNum
				AND pf.dstnctCtrlNum = :dcn
				AND pf.fileNm = :fileName
 			]]>
		</query>
	</named-query>
	<named-query name="TFldTform.findAllByLayoutId" >
		<query>
			<![CDATA[
				SELECT tf 
				FROM TLayout l, TLayoutFld lf, TFldTform tf
				WHERE l.layoutId = lf.layoutId
				AND lf.layoutFldId = tf.layoutFldId
				AND l.layoutId = :layoutId
 			]]>
		</query>
	</named-query>
	
	<named-query name="TProcRecSum.findByDcnAndFile" >
		<query>
			<![CDATA[
				SELECT t 
				FROM TProcRecSum t
				WHERE t.dstnctCtrlNum = :dcn
				AND t.fileNm = :archivo
 			]]>
		</query>
	</named-query>
	
	<named-query name="TExtRicsi.deleteAll" >
		<query>
			<![CDATA[
				DELETE FROM TExtRicsi WHERE polNum IS NOT NULL
 			]]>
		</query>
	</named-query>
	
	<named-query name="TExtIssste.deleteAll" >
		<query>
			<![CDATA[
				DELETE FROM TExtIssste WHERE rtnrCd IS NOT NULL
 			]]>
		</query>
	</named-query>

	<named-query name="TExtFone.deleteAll" >
		<query>
			<![CDATA[
				DELETE FROM TExtFone WHERE foneId IS NOT NULL
 			]]>
		</query>
	</named-query>
	
	<named-query name="TExtCncpt74.deleteAll" >
		<query>
			<![CDATA[
				DELETE FROM TExtCncpt74 WHERE penNum IS NOT NULL
 			]]>
		</query>
	</named-query>
	
	<named-query name="TExtFone.findById1" >
		<query>
			<![CDATA[
				SELECT t 
				FROM TExtFone t
				WHERE t.foneId = :foneId
				AND t.pordCd = :producto
 			]]>
		</query>
	</named-query>

	<named-query name="TExtFone.findById2" >
		<query>
			<![CDATA[
				SELECT t 
				FROM TExtFone t
				WHERE t.foneId = :foneId
				AND t.pordCd = :producto
				AND t.sbGrpNum = :aportacion
 			]]>
		</query>
	</named-query>
	
	<!-- {{Pieda Solorzano}} -->
	<named-query name="TLayoutFld.findAllWithoutSpecialOperations" >
		<query>
			<![CDATA[
				SELECT f 
				FROM TLayoutFld f LEFT JOIN TFldTform t 
				ON f.layoutFldId= t.layoutFldId				
				WHERE f.layoutId = :layoutId	
				AND (t.fldOperId IS NULL OR t.fldOperId NOT IN (:lstExcludeOperations))			
 			]]>
		</query>
	</named-query>
	
	<!-- {{Pieda Solorzano}} -->
	<named-query name="TLayout.findDescOfOutputLayoutByFlow" >
		<query>
			<![CDATA[
				SELECT l.layoutDscr
				FROM TLayout l, TFlow f, TProc p
				WHERE l.layoutId = f.outputLayoutId
				AND f.flowId = p.flowId
				AND p.dstnctCtrlNum= :dcn
 			]]>
		</query>
	</named-query>
	
	<!-- {{Pieda Solorzano}} -->
	<named-query name="TApp.findDirDestOfOutputLayoutByFlow" >
		<query>
			<![CDATA[
				SELECT a
				FROM TLayout l, TFlow f, TProc p, TApp a
				WHERE l.layoutId = f.outputLayoutId
				AND f.flowId = p.flowId				
				AND p.dstnctCtrlNum= :dcn	
				AND f.eaiCd = a.eaiCd			
 			]]>
		</query>
	</named-query>
	
	<named-query name="TLayout.findByFlowId" >
		<query>
			<![CDATA[
				SELECT l
				FROM TLayout l, TFlowEntrncLayout e
				WHERE l.layoutId = e.layoutId 
				AND e.flowId =:flowId
 			]]>
		</query>
	</named-query>
	
	<named-query name="TDatatyp.findAllByLayoutEntradaId" >
		<query>
			<![CDATA[
				SELECT d
				FROM TLayout l, TLayoutFld f, TDatatyp d 
				WHERE l.layoutId = f.layoutId
				AND d.datatypId = f.datatypId
				AND f.layoutId = :layoutId
 			]]>
		</query>
	</named-query>
	
	<named-query name="TProcFile.findByDcn" >
		<query>
			<![CDATA[
				SELECT t
				FROM TProcFile t
				WHERE t.dstnctCtrlNum = :dcn
				AND t.clctSttsId = 1
 			]]>
		</query>
	</named-query>

	<named-query name="TExtRicsi.findByNumeroPension" >
		<query>
			<![CDATA[
				SELECT t
				FROM TExtRicsi t
				WHERE t.pensionerNum = :numPension
 			]]>
		</query>
	</named-query>	
	
	<named-query name="TExtCncpt74.findByNumeroPension" >
		<query>
			<![CDATA[
				SELECT t
				FROM TExtCncpt74 t
				WHERE t.penNum = :numPension
 			]]>
		</query>
	</named-query>	
	
	<named-query name="TExtIssste.findByConceptoAndRamo" >
		<query>
			<![CDATA[
				SELECT t
				FROM TExtIssste t
				WHERE t.rtnrCd = :concepto
				AND t.ramo = :ramo
 			]]>
		</query>
	</named-query>	
	
	<named-query name="TExtIssste.findByConceptoAndRamoAndNumeroPoliza" >
		<query>
			<![CDATA[
				SELECT t
				FROM TExtIssste t
				WHERE t.rtnrCd = :concepto
				AND t.ramo = :ramo
				AND t.origPolNum = :polNum
 			]]>
		</query>
	</named-query>	
	
	<named-query name="TProcFile.findAllByFiles" >
		<query>
			<![CDATA[
				SELECT t
				FROM TProcFile t
				WHERE t.fileNm IN ( :archivos )
 			]]>
		</query>
	</named-query>	
	
	<named-query name="TBigFile.findByDcnAndName" >
		<query>
			<![CDATA[
				SELECT t
				FROM TBigFile t
				WHERE t.dstnctCtrlNum = :dcn
				AND t.bigFileNm = :fileName
 			]]>
		</query>
	</named-query>	
	
	<named-query name="TFlow.findByName" >
		<query>
			<![CDATA[
				SELECT t
				FROM TFlow t
				WHERE t.flowNm = :name
 			]]>
		</query>
	</named-query>
		
	<!-- Los queries nativos van abajo -->

	<named-native-query name="TLayoutCustomerRepository.findAllByEaid" 
		result-class="mx.com.metlife.tom.fitrava.services.model.entity.TLayout">
		<!-- Solo para ejemplificar como van -->
		<query>
        	<![CDATA[
				SELECT l.* 
				FROM T_LAYOUT l
				WHERE l.EAI_CD = :eaid
 			]]>
		</query>
	</named-native-query>
	
	<named-native-query name="getDate">
		<query>
        	<![CDATA[
        		SELECT GETDATE()
 			]]>
		</query>
	</named-native-query>

	<named-native-query name="TProc.existDcn" >
		<query>
			<![CDATA[
				SELECT COUNT(*) 
				FROM T_FILE_PROC 
				WHERE DSTNCT_CTRL_NUM = :dcn
 			]]>
		</query>
	</named-native-query>
	
	<named-native-query name="TProcFile.existMoreFilesWithDcn" >
		<query>
			<![CDATA[
				SELECT COUNT(*) 
				FROM T_PROC_FILE 
				WHERE DSTNCT_CTRL_NUM = :dcn
				AND CLCT_STTS_ID != :estatus
 			]]>
		</query>
	</named-native-query>
	
	<named-native-query name="TProcRecSum.getConsecutivo" >
		<query>
			<![CDATA[
				SELECT COUNT(*) 
				FROM T_PROC_REC_SUM 
				WHERE DSTNCT_CTRL_NUM = :dcn
				AND FILE_NM = :archivo
 			]]>
		</query>
	</named-native-query>
	
	<named-native-query name="DELETE.BATCH_STEP_EXECUTION_CONTEXT" >
		<query>
			<![CDATA[
				DELETE FROM BATCH_STEP_EXECUTION_CONTEXT WHERE STEP_EXECUTION_ID IN (SELECT STEP_EXECUTION_ID FROM BATCH_STEP_EXECUTION WHERE JOB_EXECUTION_ID IN (SELECT JOB_EXECUTION_ID FROM  BATCH_JOB_EXECUTION where CREATE_TIME < :fecha))
 			]]>
		</query>
	</named-native-query>
	<named-native-query name="DELETE.BATCH_STEP_EXECUTION" >
		<query>
			<![CDATA[
				DELETE FROM BATCH_STEP_EXECUTION WHERE JOB_EXECUTION_ID IN (SELECT JOB_EXECUTION_ID FROM BATCH_JOB_EXECUTION where CREATE_TIME < :fecha)
 			]]>
		</query>
	</named-native-query>
	<named-native-query name="DELETE.BATCH_JOB_EXECUTION_CONTEXT" >
		<query>
			<![CDATA[
				DELETE FROM BATCH_JOB_EXECUTION_CONTEXT WHERE JOB_EXECUTION_ID IN (SELECT JOB_EXECUTION_ID FROM  BATCH_JOB_EXECUTION where CREATE_TIME < :fecha)
 			]]>
		</query>
	</named-native-query>
	<named-native-query name="DELETE.BATCH_JOB_EXECUTION_PARAMS" >
		<query>
			<![CDATA[
				DELETE FROM BATCH_JOB_EXECUTION_PARAMS WHERE JOB_EXECUTION_ID IN (SELECT JOB_EXECUTION_ID FROM BATCH_JOB_EXECUTION where CREATE_TIME < :fecha)
 			]]>
		</query>
	</named-native-query>
	<named-native-query name="DELETE.BATCH_JOB_EXECUTION" >
		<query>
			<![CDATA[
				DELETE FROM BATCH_JOB_EXECUTION where CREATE_TIME < :fecha
 			]]>
		</query>
	</named-native-query>
	<named-native-query name="DELETE.BATCH_JOB_INSTANCE" >
		<query>
			<![CDATA[
				DELETE FROM BATCH_JOB_INSTANCE WHERE JOB_INSTANCE_ID NOT IN (SELECT JOB_INSTANCE_ID FROM BATCH_JOB_EXECUTION)
 			]]>
		</query>
	</named-native-query>
	
	<named-native-query name="TProcFile.findAllFileNmByDcn" >
		<query>
			<![CDATA[
				SELECT FILE_NM 
				FROM T_PROC_FILE
				WHERE DSTNCT_CTRL_NUM = :dcn
				AND CLCT_STTS_ID = :estatus
 			]]>
		</query>
	</named-native-query>
	
	<named-native-query name="TExtRicsi.insert" >
		<query>
			<![CDATA[
				INSERT INTO T_EXT_RICSI
					(POL_NUM, NATL_ID, INS_FULL_NM, POL_STTS_NM, ISS_DT, RCPT_DT, POL_EFF_DT, PY_MTHD_CD, CLCT_KEY_CD, PENR_NUM, ANNL_PREM_AMT, RCPT_STTS_CD, CLCT_PREM_AMT)
				VALUES(:polNum, :natlId, :insFullNm, :polSttsNm, :issDt, :rcptDt, :polEffDt, :pyMthdCd, :clctKeyCd, :pensionerNum, :annlPremAmt, :rcptSttsCd, :clctPremAmt)
 			]]>
		</query>
	</named-native-query>
	
	<named-native-query name="TExtIssste.insert" >
		<query>
			<![CDATA[
				INSERT INTO T_EXT_ISSSTE
					(RTNR_CD, BR_NUM, INST_NM, POL_NUM, SB_CTGY_CD, SB_GRP_CD, CLASS_NM)
				VALUES(:rtnrCd, :ramo, :custNm, :origPolNum, :pordCd, :sbGrpNum, :sbGrpNm)
 			]]>
		</query>
	</named-native-query>
	
	<named-native-query name="TExtFone.insert" >
		<query>
			<![CDATA[
				INSERT INTO T_EXT_FONE
					(FONE_ID, ORIG_POL_NUM, CUST_NM, SB_CTGY_CD, PROD_CD, SB_GRP_NUM, SB_GRP_NM, RCPT_NM, ST_CD, PYRL_DISC_PCT, INS_CNT, PREV_YR_INS_CNT, MO_PYRL_AMT, INS_SUM_AMT, INS_AVG_SUM_AMT, ANNL_PREM_AMT, MO_PREM_AMT)
				VALUES(:foneId, :origPolNum, :custNm, :sbCtgyCd, :pordCd, :sbGrpNum, :sbGrpNm, :rcptNm, :stCd, :pyrlDiscPct, :insCnt, :prevYrInsCnt, :moPyrlAmt, :intSumAmt, :insAvgSumAmt, :annlPremAmt, :moPremAmt)
 			]]>
		</query>
	</named-native-query>
	
	<named-native-query name="TExtCncpt74.insert" >
		<query>
			<![CDATA[
				INSERT INTO T_CNCPT_74 (FULL_NM, NATL_ID, PEN_NUM, POL_NUM) VALUES (:fullNm, :natlId, :penNum, :polNum)
 			]]>
		</query>
	</named-native-query>
	 
	
	
</entity-mappings>