<?xml version="1.0" encoding="UTF-8"?>
<configuration debug="true">

	<property name="LOG_DIR" value="${LOG_DIR}"/>

	<appender name="STDOUT" class="ch.qos.logback.core.ConsoleAppender">
		<layout class="ch.qos.logback.classic.PatternLayout">
			<Pattern>
				%d{yyyy-MM-dd HH:mm:ss} %highlight(%-5level) %cyan(%logger{36}) - %msg%n
			</Pattern>
		</layout>
	</appender>
	
	<appender name="FILE-AUDIT"
		class="ch.qos.logback.core.rolling.RollingFileAppender">
		<file>${LOG_DIR}/tom-services-debug.log</file>
		<encoder class="ch.qos.logback.classic.encoder.PatternLayoutEncoder">
			<Pattern>
				%d{yyyy-MM-dd HH:mm:ss} %-5level %logger{36} - %msg%n
			</Pattern>
		</encoder>

		<rollingPolicy class="ch.qos.logback.core.rolling.TimeBasedRollingPolicy">
			<!-- rollover daily -->
			<fileNamePattern>${LOG_DIR}/archived/tom-services-debug.%d{yyyy-MM-dd}.%i.log
                        </fileNamePattern>
			<timeBasedFileNamingAndTriggeringPolicy
				class="ch.qos.logback.core.rolling.SizeAndTimeBasedFNATP">
				<maxFileSize>10MB</maxFileSize>
			</timeBasedFileNamingAndTriggeringPolicy>
		</rollingPolicy>

	</appender>

	<appender name="FILE-ERROR"
		class="ch.qos.logback.core.rolling.RollingFileAppender">
		<file>${LOG_DIR}/tom-services-error.log</file>
		<encoder class="ch.qos.logback.classic.encoder.PatternLayoutEncoder">
			<Pattern>
				%d{yyyy-MM-dd HH:mm:ss} %-5level %logger{36} - %msg%n
			</Pattern>
		</encoder>

		<rollingPolicy class="ch.qos.logback.core.rolling.TimeBasedRollingPolicy">
			<!-- rollover daily -->
			<fileNamePattern>${LOG_DIR}/archived/tom-services-error.%d{yyyy-MM-dd}.%i.log
                        </fileNamePattern>
			<timeBasedFileNamingAndTriggeringPolicy
				class="ch.qos.logback.core.rolling.SizeAndTimeBasedFNATP">
				<maxFileSize>10MB</maxFileSize>
			</timeBasedFileNamingAndTriggeringPolicy>
		</rollingPolicy>

	</appender>
	
	<appender name="ASYNC-debug" class="ch.qos.logback.classic.AsyncAppender">
    	<appender-ref ref="FILE-AUDIT" />
  	</appender>
  	<appender name="ASYNC-error" class="ch.qos.logback.classic.AsyncAppender">
    	<appender-ref ref="FILE-ERROR" />
  	</appender>
  	<appender name="ASYNC-stdout" class="ch.qos.logback.classic.AsyncAppender">
    	<appender-ref ref="STDOUT" />
  	</appender>
  	<appender name="ASYNC-info" class="ch.qos.logback.classic.AsyncAppender">
    	<appender-ref ref="FILE-ERROR" />
  	</appender> 
     
     
     <logger name="mx.com.metlife.da.tom.services" level="info"
		additivity="false">
		<!-- <appender-ref ref="ASYNC-INFO" /> -->
		<appender-ref ref="STDOUT" />
	</logger>

	<root level="info">
		<appender-ref ref="ASYNC-info" />
	</root> 

</configuration>