<server>
	<!-- Enable features -->
	<featureManager>
		<feature>webProfile-7.0</feature>
		<feature>ssl-1.0</feature>
	</featureManager>

  <!-- To access this server from a remote client add a host attribute to the following element, e.g. host="*" -->
      <httpEndpoint id="defaultHttpEndpoint" host="*" httpPort="${httpPort}" httpsPort="${httpsPort}" accessLoggingRef="httpLogging">
          <sslOptions sslRef="datapowerSSLSettings"/>
          </httpEndpoint>
  
          <sslDefault sslRef="datapowerSSLSettings" />
      <!-- The SSL configuration "datapowerSSLSettings" should only be used if a server -->
      <!-- is configured for datapower  or api connect-->
      <ssl id="datapowerSSLSettings" keyStoreRef="datapowerKeyStore" trustStoreRef="datapowerTrustStore" clientAuthentication="true" clientKeyAlias="${clientalias}" serverKeyAlias="${serveralias}"/>
      <!-- <ssl id="datapowerSSLSettings" keyStoreRef="datapowerKeyStore" trustStoreRef="datapowerTrustStore"/> -->
      <keyStore id="datapowerKeyStore"
                location="${keystorebaseloc}/${wlp.server.name}/resources/${keystore}" password="${keystorepwd}" />
      <keyStore id="datapowerTrustStore"
              location="${keystorebaseloc}/${wlp.server.name}/resources/${keystore}" password="${keystorepwd}" />


	<!-- Automatically expand WAR files and EAR files -->
	<applicationManager autoExpand="true" />

	<applicationMonitor updateTrigger="mbean" />
	<!-- ask about this -->
	<application location="${appBasePath}/tomws/${appearName}" type="${appType}" />

    <logging 
		copySystemStreams="false" 
		logDirectory="${logDir}/${wlp.server.name}"
		consoleLogLevel="${logLevel}" 
		maxFileSize="${logMaxSize}" 
		maxFiles="${logMaxFiles}">
        <binaryLog purgeMaxSize="${purgeMaxSize}" outOfSpaceAction="${outOfSpaceAction}" purgeMinTime="${purgeMinTime}"/>
    </logging>

    <httpAccessLogging 
		id="httpLogging" 
		filePath="${logDir}/${wlp.server.name}/${httpLogName}" 
		logFormat='%h %u %{t}W "%r" %s %b'
		maxFileSize="${httpLogMaxSize}" 
		maxFiles="${httpLogMaxFiles}"/>

  <webContainer disableXPoweredBy="true"/>


	<!-- Admin User -->
	<quickStartSecurity userName="${admin.user.name}"
		userPassword="${admin.user.password}" />

  <library id="jTDS">
    <fileset dir="${JDBC_DRIVER_PATH1}/${wlp.server.name}/${JDBC_DRIVER_PATH2}" includes="${JDBC_DRIVER_FNAME}"/>
  </library>
  <dataSource id="DS_MOII" jndiName="${jndiName}" type="${type}">
    <jdbcDriver javax.sql.XADataSource="${javax.sql.XADataSource}" libraryRef="jTDS"/>
    <!-- properties databaseName="${databaseName}" domain="${domain}" password="${password}" portNumber="${portNumber}" serverName="${serverName}" useNTLMv2="${useNTLMv2}" user="${user}"/ -->
    <properties databaseName="${databaseName}" domain="${domain}" password="${password}" portNumber="${portNumber}" serverName="${serverName}" user="${user}"/>
  </dataSource>

</server>
