<?xml version="1.0" encoding="UTF-8" standalone="yes"?>
<workbook>
	<worksheet idx="0">
		<section startRow="0" endRow="0" />
		<loop startRow="1" endRow="1" items="dataList" var="fileData"
			varType="mx.com.metlife.da.tom.services.service.dto.FileDataFilter">
			<section startRow="1" endRow="1">
				<mapping row="1" col="0">fileData.entidad</mapping>
				<mapping row="1" col="1">fileData.idEntidad</mapping>
				<mapping row="1" col="2">fileData.noArchivo</mapping>
				<mapping row="1" col="3">fileData.procesoDeNomina</mapping>
				<mapping row="1" col="4">fileData.nombre</mapping>
				<mapping row="1" col="5">fileData.primerPaterno</mapping>
				<mapping row="1" col="6">fileData.segundoMaterino</mapping>
				<mapping row="1" col="7">fileData.curp</mapping>
				<mapping row="1" col="8">fileData.rfc</mapping>
				<mapping row="1" col="9">fileData.clc</mapping>
				<mapping row="1" col="10">fileData.cveConCepto</mapping>
				<mapping row="1" col="11">fileData.description</mapping>
				<mapping row="1" col="12">fileData.sumaDeImporte</mapping>
			</section>
			<loopbreakcondition>
				<rowcheck offset="0">
					<cellcheck offset="0"></cellcheck>
				</rowcheck>
			</loopbreakcondition>
		</loop>
	</worksheet>
</workbook>