<server>
	<!-- Enable features -->
	<featureManager>
		<feature>webProfile-7.0</feature>
		<feature>ssl-1.0</feature>
	</featureManager>

	<httpEndpoint id="defaultHttpEndpoint" host="*" httpPort="${httpPort}" httpsPort="${httpsPort}" accessLoggingRef="httpLogging">
    	<sslOptions sslRef="datapowerSSLSettings"/>
	</httpEndpoint>
  
	<sslDefault sslRef="datapowerSSLSettings" />
    <ssl id="datapowerSSLSettings" keyStoreRef="datapowerKeyStore" trustStoreRef="datapowerTrustStore" clientAuthentication="true" clientKeyAlias="${clientalias}" serverKeyAlias="${serveralias}"/>
    <keyStore id="datapowerKeyStore" location="${keystorebaseloc}/${wlp.server.name}/resources/${keystore}" password="${keystorepwd}" />
	<keyStore id="datapowerTrustStore" location="${keystorebaseloc}/${wlp.server.name}/resources/${keystore}" password="${keystorepwd}" />

	<applicationManager autoExpand="true" />

	<applicationMonitor updateTrigger="mbean" />

	<application location="${appBasePath}/${wlp.server.name}/${appearName}" type="${appType}" />

    <logging 
		copySystemStreams="false" 
		logDirectory="${logDir}/${wlp.server.name}"
		consoleLogLevel="${logLevel}" 
		maxFileSize="${logMaxSize}" 
		maxFiles="${logMaxFiles}">
        <binaryLog purgeMaxSize="${purgeMaxSize}" outOfSpaceAction="${outOfSpaceAction}" purgeMinTime="${purgeMinTime}"/>
    </logging>

    <httpAccessLogging 
		id="httpLogging" 
		filePath="${logDir}/${wlp.server.name}/${httpLogName}" 
		logFormat='%h %u %{t}W "%r" %s %b'
		maxFileSize="${httpLogMaxSize}" 
		maxFiles="${httpLogMaxFiles}"/>

  <webContainer disableXPoweredBy="true"/>


	<quickStartSecurity userName="${admin.user.name}" userPassword="${admin.user.password}" />

	<library id="JTDS">
    	<fileset dir="${JDBC_DRIVER_PATH1}/${wlp.server.name}/${JDBC_DRIVER_PATH2}" includes="${JDBC_DRIVER_FNAME}"/>
  	</library>
  
 	<dataSource id="DS_FITRAVA" jndiName="${jndiName}" type="${type}">
    	<jdbcDriver javax.sql.XADataSource="${javax.sql.XADataSource}" libraryRef="JTDS"/>
    	<connectionManager id="fitravaConnectionPoolManager"
			maxPoolSize="${db.fitrava.maxPoolSize}"
			minPoolSize="${db.fitrava.minPoolSize}"
			connectionTimeout="${db.fitrava.connectionTimeout}"
			maxIdleTime="${db.fitrava.maxIdleTime}"
			agedTimeout="${db.fitrava.agedTimeout}" />
		
    	<properties databaseName="${databaseName}" domain="${domain}" password="${password}" portNumber="${portNumber}" serverName="${serverName}" user="${user}" useNTLMv2="${useNTLMv2}"/>
  	</dataSource>
  	
  	
  	
  	
  	

</server>
